[
    {
        "name": "2008 Financial Crisis",
        "year": 2008,
        "severity": "High",
        "description": "Global financial crisis triggered by subprime mortgage collapse",
        "key_events": ["Lehman Brothers bankruptcy", "AIG bailout", "TARP program"],
        "market_impact": "S&P 500 declined ~57% from peak to trough",
        "duration": "2007-2009",
        "recovery_time": "4 years"
    },
    {
        "name": "2020 COVID-19 Crash",
        "year": 2020,
        "severity": "High",
        "description": "Global market crash due to COVID-19 pandemic and economic shutdowns",
        "key_events": ["Global lockdowns", "Federal Reserve emergency measures", "Stimulus packages"],
        "market_impact": "S&P 500 declined ~34% in one month",
        "duration": "February - March 2020",
        "recovery_time": "6 months"
    },
    {
        "name": "2000 Dot-com Bubble",
        "year": 2000,
        "severity": "Medium",
        "description": "Burst of technology stock bubble after excessive speculation",
        "key_events": ["NASDAQ peak", "Tech company bankruptcies", "Fed rate hikes"],
        "market_impact": "NASDAQ declined ~78% from peak to trough",
        "duration": "2000-2002",
        "recovery_time": "7 years"
    },
    {
        "name": "1987 Black Monday",
        "year": 1987,
        "severity": "High",
        "description": "Rapid global stock market crash on October 19, 1987",
        "key_events": ["Program trading", "Portfolio insurance", "Global contagion"],
        "market_impact": "DJIA dropped 22.6% in single day",
        "duration": "October 1987",
        "recovery_time": "2 years"
    },
    {
        "name": "1997 Asian Financial Crisis",
        "year": 1997,
        "severity": "Medium",
        "description": "Financial crisis that started in Thailand and spread across Asia",
        "key_events": ["Thai baht devaluation", "IMF bailouts", "Currency crises"],
        "market_impact": "Asian markets declined 60-70%",
        "duration": "1997-1998",
        "recovery_time": "3 years"
    },
    {
        "name": "2010 European Debt Crisis",
        "year": 2010,
        "severity": "Medium",
        "description": "Sovereign debt crisis in several European countries",
        "key_events": ["Greek debt crisis", "EU bailouts", "Austerity measures"],
        "market_impact": "European markets declined ~21%",
        "duration": "2010-2012",
        "recovery_time": "2 years"
    }
]

