{
    "scenario_templates": {
        "Market Crash": {
            "triggers": ["Economic recession", "Geopolitical tension", "Policy error", "Systemic risk"],
            "characteristics": ["High volatility", "Liquidity crunch", "Flight to quality", "Correlation breakdown"],
            "typical_impact": "20-50% equity decline, 2-5x normal volatility"
        },
        "Interest Rate Shock": {
            "triggers": ["Inflation surge", "Central bank policy shift", "Currency crisis", "Debt sustainability concerns"],
            "characteristics": ["Yield curve shifts", "Duration risk", "Credit spread widening", "Currency volatility"],
            "typical_impact": "Bond losses, equity multiple compression, financial stress"
        },
        "Geopolitical Crisis": {
            "triggers": ["Military conflict", "Trade wars", "Sanctions", "Resource nationalism"],
            "characteristics": ["Commodity price spikes", "Supply chain disruption", "Risk premium expansion", "Safe haven flows"],
            "typical_impact": "Sector-specific impacts, inflation pressure, growth concerns"
        }
    },
    "portfolio_templates": {
        "Equity Heavy": {
            "vulnerabilities": ["Market beta", "Growth sensitivity", "Liquidity needs"],
            "strengths": ["Growth potential", "Inflation hedge", "Long-term returns"]
        },
        "Fixed Income": {
            "vulnerabilities": ["Interest rate risk", "Inflation risk", "Credit risk"],
            "strengths": ["Income generation", "Capital preservation", "Diversification"]
        }
    }
}


